scenario,year,group,earnings,work,positions,care
"time-dividend",2026,"proprietor",100,100,100,100
"time-dividend",2026,"salaried",100,100,100,100
"time-dividend",2027,"proprietor",99.93762381195009,99.06435717925139,100,100
"time-dividend",2027,"salaried",99.93762381195009,99.06435717925139,100,100
"time-dividend",2028,"proprietor",99.86143736382242,97.92156045733628,100,100
"time-dividend",2028,"salaried",99.86143736382242,97.92156045733628,100,100
"time-dividend",2029,"proprietor",99.76838302594486,96.52574538917276,100,100
"time-dividend",2029,"salaried",99.76838302594486,96.52574538917276,100,100
"time-dividend",2030,"proprietor",99.65472620100242,94.82089301503632,100,100
"time-dividend",2030,"salaried",99.65472620100242,94.82089301503632,100,100
"time-dividend",2031,"proprietor",99.51590544153402,92.73858162301013,100,100
"time-dividend",2031,"salaried",99.51590544153402,92.73858162301013,100,100
"time-dividend",2032,"proprietor",99.34634938302939,90.19524074544101,100,100
"time-dividend",2032,"salaried",99.34634938302939,90.19524074544101,100,100
"time-dividend",2033,"proprietor",99.13925314550912,87.0887971826366,100,100
"time-dividend",2033,"salaried",99.13925314550912,87.0887971826366,100,100
"time-dividend",2034,"proprietor",98.88630522979722,83.29457844695838,100,100
"time-dividend",2034,"salaried",98.88630522979722,83.29457844695838,100,100
"time-dividend",2035,"proprietor",98.57735394787586,78.660309218138,100,100
"time-dividend",2035,"salaried",98.57735394787586,78.660309218138,100,100
"time-dividend",2036,"proprietor",98.2,73.00000000000001,100,100
"time-dividend",2036,"salaried",98.2,73.00000000000001,100,100
"care-expansion",2026,"proprietor",100,100,100,100
"care-expansion",2026,"salaried",100,100,100,100
"care-expansion",2027,"proprietor",100.6932076343379,100,100,100.94447977798475
"care-expansion",2027,"salaried",100.6932076343379,100,100,100.94447977798475
"care-expansion",2028,"proprietor",101.55948182549683,99.99999999999999,100,102.12255557709302
"care-expansion",2028,"salaried",101.55948182549683,99.99999999999999,100,102.12255557709302
"care-expansion",2029,"proprietor",102.64782589111599,100,100,103.59930358146391
"care-expansion",2029,"salaried",102.64782589111599,100,100,103.59930358146391
"care-expansion",2030,"proprietor",104.02431760246067,100,100,105.46198925182281
"care-expansion",2030,"salaried",104.02431760246067,100,100,105.46198925182281
"care-expansion",2031,"proprietor",105.77989460324719,99.99999999999999,100,107.82998645214148
"care-expansion",2031,"salaried",105.77989460324719,99.99999999999999,100,107.82998645214148
"care-expansion",2032,"proprietor",108.04282531548446,100,100,110.87059491556883
"care-expansion",2032,"salaried",108.04282531548446,100,100,110.87059491556883
"care-expansion",2033,"proprietor",110.99951828641987,100,100,114.82533142613845
"care-expansion",2033,"salaried",110.99951828641987,100,100,114.82533142613845
"care-expansion",2034,"proprietor",114.88630522979722,99.95349413635005,100,120
"care-expansion",2034,"salaried",114.88630522979722,99.95349413635005,100,120
"care-expansion",2035,"proprietor",116.57735394787588,96.35887879221906,100,122.50000000000001
"care-expansion",2035,"salaried",116.57735394787588,96.35887879221906,100,122.50000000000001
"care-expansion",2036,"proprietor",118.19999999999999,91.25000000000001,100,125
"care-expansion",2036,"salaried",118.19999999999999,91.25000000000001,100,125
"shared-adjustment",2026,"proprietor",100,100,100,100
"shared-adjustment",2026,"salaried",100,100,100,100
"shared-adjustment",2027,"proprietor",100.6932076343379,100,100,100.94447977798475
"shared-adjustment",2027,"salaried",100.6932076343379,100,100,100.94447977798475
"shared-adjustment",2028,"proprietor",101.55948182549683,99.99999999999999,99.99999999999999,102.12255557709302
"shared-adjustment",2028,"salaried",101.55948182549683,99.99999999999999,99.99999999999999,102.12255557709302
"shared-adjustment",2029,"proprietor",102.64782589111599,100,100,103.59930358146391
"shared-adjustment",2029,"salaried",102.64782589111599,100,100,103.59930358146391
"shared-adjustment",2030,"proprietor",104.02431760246067,100,100,105.46198925182281
"shared-adjustment",2030,"salaried",104.02431760246067,100,100,105.46198925182281
"shared-adjustment",2031,"proprietor",105.77989460324719,99.99999999999999,99.99999999999999,107.82998645214148
"shared-adjustment",2031,"salaried",105.77989460324719,99.99999999999999,99.99999999999999,107.82998645214148
"shared-adjustment",2032,"proprietor",108.04282531548446,100,100,110.87059491556883
"shared-adjustment",2032,"salaried",108.04282531548446,100,100,110.87059491556883
"shared-adjustment",2033,"proprietor",110.99951828641987,100,100,114.82533142613845
"shared-adjustment",2033,"salaried",110.99951828641987,100,100,114.82533142613845
"shared-adjustment",2034,"proprietor",114.8695458165204,99.95349413635005,99.95349413635005,120
"shared-adjustment",2034,"salaried",114.8695458165204,99.95349413635005,99.95349413635005,120
"shared-adjustment",2035,"proprietor",115.08766577972109,96.35887879221906,96.35887879221906,122.50000000000001
"shared-adjustment",2035,"salaried",115.08766577972109,96.35887879221906,96.35887879221906,122.50000000000001
"shared-adjustment",2036,"proprietor",114.0875,91.25000000000001,91.25000000000001,125
"shared-adjustment",2036,"salaried",114.0875,91.25000000000001,91.25000000000001,125
"unequal-adjustment",2026,"proprietor",100,100,100,100
"unequal-adjustment",2026,"salaried",100,100,100,100
"unequal-adjustment",2027,"proprietor",100.6932076343379,100,100,100.94447977798475
"unequal-adjustment",2027,"salaried",100.12651976754702,100,100,100.94447977798475
"unequal-adjustment",2028,"proprietor",101.55948182549683,99.99999999999999,99.99999999999999,102.12255557709302
"unequal-adjustment",2028,"salaried",100.28594847924101,99.99999999999999,99.99999999999999,102.12255557709302
"unequal-adjustment",2029,"proprietor",102.64782589111599,100,100,103.59930358146391
"unequal-adjustment",2029,"salaried",100.48824374223761,100,100,103.59930358146391
"unequal-adjustment",2030,"proprietor",104.02431760246067,100,100,105.46198925182281
"unequal-adjustment",2030,"salaried",100.74712405136698,100,100,105.46198925182281
"unequal-adjustment",2031,"proprietor",105.77989460324719,99.99999999999999,99.99999999999999,107.82998645214148
"unequal-adjustment",2031,"salaried",101.08190273196229,99.99999999999999,99.99999999999999,107.82998645214148
"unequal-adjustment",2032,"proprietor",108.04282531548446,100,100,110.87059491556883
"unequal-adjustment",2032,"salaried",101.52046836614316,100,100,110.87059491556883
"unequal-adjustment",2033,"proprietor",110.99951828641987,100,100,114.82533142613845
"unequal-adjustment",2033,"salaried",102.1043194307368,100,100,114.82533142613845
"unequal-adjustment",2034,"proprietor",114.8695458165204,99.95349413635005,99.95349413635005,120
"unequal-adjustment",2034,"salaried",102.84723597874054,99.95349413635005,99.95349413635005,120
"unequal-adjustment",2035,"proprietor",115.08766577972109,96.35887879221906,96.35887879221906,122.50000000000001
"unequal-adjustment",2035,"salaried",99.97409100000147,96.35887879221906,96.35887879221906,122.50000000000001
"unequal-adjustment",2036,"proprietor",114.0875,91.25000000000001,91.25000000000001,125
"unequal-adjustment",2036,"salaried",95.60937500000001,91.25000000000001,91.25000000000001,125
