scenario,year,group,earnings,work,positions,care,incomeRatio
"reference",2026,"proprietor",100,100,100,100,1.5873640431630816
"reference",2026,"salaried",100,100,100,100,1.5873640431630816
"reference",2027,"proprietor",100.0365305182374,100,100,100.1700906623302,1.5873640431630816
"reference",2027,"salaried",100.0365305182374,100,100,100.1700906623302,1.5873640431630816
"reference",2028,"proprietor",100.08154229069805,100,100,100.37862645989458,1.5873640431630818
"reference",2028,"salaried",100.08154229069805,100,100,100.37862645989458,1.5873640431630818
"reference",2029,"proprietor",100.13711024638422,100,100,100.63451356352093,1.5873640431630818
"reference",2029,"salaried",100.13711024638422,100,100,100.63451356352093,1.5873640431630818
"reference",2030,"proprietor",100.20586880046902,99.99999999999999,100,100.94883017715655,1.5873640431630816
"reference",2030,"salaried",100.20586880046902,99.99999999999999,100,100.94883017715655,1.5873640431630816
"reference",2031,"proprietor",100.2911876033122,100,100,101.33541118646039,1.5873640431630816
"reference",2031,"salaried",100.2911876033122,100,100,101.33541118646039,1.5873640431630816
"reference",2032,"proprietor",100.39741399624911,100,100,101.81161784111919,1.5873640431630818
"reference",2032,"salaried",100.39741399624911,100,100,101.81161784111919,1.5873640431630818
"reference",2033,"proprietor",100.53021262045053,100,100,102.39936479233131,1.5873640431630816
"reference",2033,"salaried",100.53021262045053,100,100,102.39936479233131,1.5873640431630816
"reference",2034,"proprietor",100.69704889838542,100,100,103.12651188375297,1.5873640431630818
"reference",2034,"salaried",100.69704889838542,100,100,103.12651188375297,1.5873640431630818
"reference",2035,"proprietor",100.9078894006924,100,100,104.02878377135562,1.5873640431630813
"reference",2035,"salaried",100.9078894006924,100,100,104.02878377135562,1.5873640431630813
"reference",2036,"proprietor",101.17623554153523,100,100,105.15247108307047,1.5873640431630818
"reference",2036,"salaried",101.17623554153523,100,100,105.15247108307047,1.5873640431630818
"hold",2026,"proprietor",100,100,100,100,1.5873640431630816
"hold",2026,"salaried",100,100,100,100,1.5873640431630816
"hold",2027,"proprietor",100,100,100,100,1.5873640431630816
"hold",2027,"salaried",100,100,100,100,1.5873640431630816
"hold",2028,"proprietor",100,100,100,100,1.5873640431630816
"hold",2028,"salaried",100,100,100,100,1.5873640431630816
"hold",2029,"proprietor",100,100,100,100,1.5873640431630816
"hold",2029,"salaried",100,100,100,100,1.5873640431630816
"hold",2030,"proprietor",100,100,100,100,1.5873640431630816
"hold",2030,"salaried",100,100,100,100,1.5873640431630816
"hold",2031,"proprietor",100,100,100,100,1.5873640431630816
"hold",2031,"salaried",100,100,100,100,1.5873640431630816
"hold",2032,"proprietor",100,100,100,100,1.5873640431630816
"hold",2032,"salaried",100,100,100,100,1.5873640431630816
"hold",2033,"proprietor",100,100,100,100,1.5873640431630816
"hold",2033,"salaried",100,100,100,100,1.5873640431630816
"hold",2034,"proprietor",100,100,100,100,1.5873640431630816
"hold",2034,"salaried",100,100,100,100,1.5873640431630816
"hold",2035,"proprietor",100,100,100,100,1.5873640431630816
"hold",2035,"salaried",100,100,100,100,1.5873640431630816
"hold",2036,"proprietor",100,100,100,100,1.5873640431630816
"hold",2036,"salaried",100,100,100,100,1.5873640431630816
"shared",2026,"proprietor",100,100,100,100,1.5873640431630816
"shared",2026,"salaried",100,100,100,100,1.5873640431630816
"shared",2027,"proprietor",100.6932076343379,100,100,100.94447977798475,1.5873640431630816
"shared",2027,"salaried",100.6932076343379,100,100,100.94447977798475,1.5873640431630816
"shared",2028,"proprietor",101.55948182549683,99.99999999999999,100,102.12255557709302,1.5873640431630813
"shared",2028,"salaried",101.55948182549683,99.99999999999999,100,102.12255557709302,1.5873640431630813
"shared",2029,"proprietor",102.64782589111599,100,100,103.59930358146391,1.5873640431630816
"shared",2029,"salaried",102.64782589111599,100,100,103.59930358146391,1.5873640431630816
"shared",2030,"proprietor",104.02431760246067,100,100,105.46198925182281,1.5873640431630816
"shared",2030,"salaried",104.02431760246067,100,100,105.46198925182281,1.5873640431630816
"shared",2031,"proprietor",105.77989460324719,99.99999999999999,100,107.82998645214148,1.5873640431630813
"shared",2031,"salaried",105.77989460324719,99.99999999999999,100,107.82998645214148,1.5873640431630813
"shared",2032,"proprietor",108.04282531548446,100,100,110.87059491556883,1.5873640431630818
"shared",2032,"salaried",108.04282531548446,100,100,110.87059491556883,1.5873640431630818
"shared",2033,"proprietor",110.99951828641987,100,100,114.82533142613845,1.5873640431630816
"shared",2033,"salaried",110.99951828641987,100,100,114.82533142613845,1.5873640431630816
"shared",2034,"proprietor",114.88630522979722,99.95349413635005,100,120,1.5873640431630816
"shared",2034,"salaried",114.88630522979722,99.95349413635005,100,120,1.5873640431630816
"shared",2035,"proprietor",116.57735394787588,96.35887879221906,100,122.50000000000001,1.5873640431630816
"shared",2035,"salaried",116.57735394787588,96.35887879221906,100,122.50000000000001,1.5873640431630816
"shared",2036,"proprietor",118.19999999999999,91.25000000000001,100,125,1.5873640431630816
"shared",2036,"salaried",118.19999999999999,91.25000000000001,100,125,1.5873640431630816
"concentrated",2026,"proprietor",100,100,100,100,1.5873640431630816
"concentrated",2026,"salaried",100,100,100,100,1.5873640431630816
"concentrated",2027,"proprietor",99.92886953706991,99.06435717925139,99.06435717925139,100,1.5999785309857175
"concentrated",2027,"salaried",99.14101427308175,99.06435717925139,99.06435717925139,100,1.5999785309857175
"concentrated",2028,"proprietor",99.81823825449734,97.92156045733628,97.92156045733628,100,1.6153599184278529
"concentrated",2028,"salaried",98.0882838861595,97.92156045733628,97.92156045733628,100,1.6153599184278529
"concentrated",2029,"proprietor",99.64767857493631,96.52574538917276,96.52574538917276,100,1.6341093108511622
"concentrated",2029,"salaried",96.7971609390904,96.52574538917276,96.52574538917276,100,1.6341093108511622
"concentrated",2030,"proprietor",99.38649470938542,94.82089301503632,94.82089301503632,100,1.6569564019637424
"concentrated",2030,"salaried",95.21225054004073,94.82089301503632,94.82089301503632,100,1.6569564019637424
"concentrated",2031,"proprietor",98.98862347307715,92.73858162301013,92.73858162301013,100,1.6847868205510175
"concentrated",2031,"salaried",93.26460752582409,92.73858162301013,92.73858162301013,100,1.6847868205510175
"concentrated",2032,"proprietor",98.38501634263079,90.19524074544101,90.19524074544101,100,1.7186760848907114
"concentrated",2032,"salaried",90.86810406059446,90.19524074544101,90.19524074544101,100,1.7186760848907114
"concentrated",2033,"proprietor",97.47226156359818,87.0887971826366,87.0887971826366,100,1.7599331495977844
"concentrated",2033,"salaried",87.91468201346359,87.0887971826366,87.0887971826366,100,1.7599331495977844
"concentrated",2034,"proprietor",96.09559413714894,83.29457844695838,83.29457844695838,100,1.8101595799161894
"concentrated",2034,"salaried",84.26809024581459,83.29457844695838,83.29457844695838,100,1.8101595799161894
"concentrated",2035,"proprietor",94.02352992122101,78.660309218138,78.660309218138,100,1.8713378990184162
"concentrated",2035,"salaried",79.75554317929495,78.660309218138,78.660309218138,100,1.8713378990184162
"concentrated",2036,"proprietor",90.91,73.00000000000001,73.00000000000001,100,1.9459826874779114
"concentrated",2036,"salaried",74.15650000000001,73.00000000000001,73.00000000000001,100,1.9459826874779114
"demand",2026,"proprietor",100,100,100,100,1.5873640431630816
"demand",2026,"salaried",100,100,100,100,1.5873640431630816
"demand",2027,"proprietor",95.97762381195008,97.08307003566637,97.95814902496646,98,1.5873640431630818
"demand",2027,"salaried",95.97762381195008,97.08307003566637,97.95814902496646,98,1.5873640431630818
"demand",2028,"proprietor",92.02143736382241,94.00469803904284,95.80328862732999,96,1.5873640431630818
"demand",2028,"salaried",92.02143736382241,94.00469803904284,95.80328862732999,96,1.5873640431630818
"demand",2029,"proprietor",88.12838302594484,90.73420066582239,93.51394046607567,94,1.5873640431630818
"demand",2029,"salaried",88.12838302594484,90.73420066582239,93.51394046607567,94,1.5873640431630818
"demand",2030,"proprietor",84.2947262010024,87.2352215738334,91.06465510168337,92,1.5873640431630816
"demand",2030,"salaried",84.2947262010024,87.2352215738334,91.06465510168337,92,1.5873640431630816
"demand",2031,"proprietor",80.51590544153402,83.46472346070912,88.42530642249639,90,1.5873640431630813
"demand",2031,"salaried",80.51590544153402,83.46472346070912,88.42530642249639,90,1.5873640431630813
"demand",2032,"proprietor",76.78634938302939,79.3718118559881,85.56026829919166,88,1.5873640431630816
"demand",2032,"salaried",76.78634938302939,79.3718118559881,85.56026829919166,88,1.5873640431630816
"demand",2033,"proprietor",73.0992531455091,74.89636557706748,82.42745590394725,86,1.5873640431630816
"demand",2033,"salaried",73.0992531455091,74.89636557706748,82.42745590394725,86,1.5873640431630816
"demand",2034,"proprietor",69.44630522979722,69.96744589544504,78.97721212681152,84,1.5873640431630816
"demand",2034,"salaried",69.44630522979722,69.96744589544504,78.97721212681152,84,1.5873640431630816
"demand",2035,"proprietor",65.81735394787586,64.50145355887315,75.15101749121122,82,1.5873640431630816
"demand",2035,"salaried",65.81735394787586,64.50145355887315,75.15101749121122,82,1.5873640431630816
"demand",2036,"proprietor",62.20000000000001,58.400000000000006,70.88000000000001,80,1.5873640431630816
"demand",2036,"salaried",62.20000000000001,58.400000000000006,70.88000000000001,80,1.5873640431630816
"automation",2026,"proprietor",100,100,100,100,1.5873640431630816
"automation",2026,"salaried",100,100,100,100,1.5873640431630816
"automation",2027,"proprietor",101.30502124742424,98.97787368898199,98.97787368898199,102,1.611150284244173
"automation",2027,"salaried",99.8094030660038,98.97787368898199,98.97787368898199,102,1.611150284244173
"automation",2028,"proprietor",102.32894884166515,97.15500577282748,97.15500577282748,104,1.6406770100842192
"automation",2028,"salaried",99.00382157338555,97.15500577282748,97.15500577282748,104,1.6406770100842192
"automation",2029,"proprietor",102.89490236518502,94.3380853563232,94.3380853563232,106,1.677018288631332
"automation",2029,"salaried",97.39408886981835,94.3380853563232,94.3380853563232,106,1.677018288631332
"automation",2030,"proprietor",102.71676382759478,90.28745411142417,90.28745411142417,108,1.7213657162362261
"automation",2030,"salaried",94.72066045703836,90.28745411142417,90.28745411142417,108,1.7213657162362261
"automation",2031,"proprietor",101.33547093688988,84.70605932015197,84.70605932015197,110.00000000000001,1.7750105222098744
"automation",2031,"salaried",90.62272073855182,84.70605932015197,84.70605932015197,110.00000000000001,1.7750105222098744
"automation",2032,"proprietor",98.01955030670642,77.22578717716418,77.22578717716418,112.00000000000001,1.8393264621736605
"automation",2032,"salaried",84.59222051315774,77.22578717716418,77.22578717716418,112.00000000000001,1.8393264621736605
"automation",2033,"proprietor",91.61028216909807,67.39055782931813,67.39055782931813,113.99999999999999,1.91579836788283
"automation",2033,"salaried",75.9051006291201,67.39055782931813,67.39055782931813,113.99999999999999,1.91579836788283
"automation",2034,"proprietor",80.28128817238031,54.63541816182711,54.63541816182711,116.00000000000001,2.0062950725850968
"automation",2034,"salaried",63.51789022710912,54.63541816182711,54.63541816182711,116.00000000000001,2.0062950725850968
"automation",2035,"proprietor",61.166054594976515,38.26068877844234,38.26068877844234,118,2.1147747089490014
"automation",2035,"salaried",45.91164974469965,38.26068877844234,38.26068877844234,118,2.1147747089490014
"automation",2036,"proprietor",29.781920000000007,17.400000000000002,17.400000000000006,120,2.2667521880980104
"automation",2036,"salaried",20.855720000000005,17.400000000000002,17.400000000000006,120,2.2667521880980104
